Tamano de matriz,Tiempo de ejecucion (ms)
1,0
2,0
3,0
4,0
5,0
6,0
7,0
8,0
9,0
10,0
11,0
12,0
13,0
14,0
15,0
16,0
17,0
18,0
19,0
20,0
21,0
22,0
23,0
24,0
25,0
26,0
27,0
28,0
29,0
30,0
31,0
32,0
33,0
34,0
35,0
36,0
37,0
38,0
39,0
40,0
41,0
42,0
43,0
44,0
45,0
46,0
47,0
48,0
49,0
50,0
51,0
52,0
53,0
54,0
55,0
56,1.012
57,0
58,0
59,0
60,0
61,0
62,0
63,0
64,0
65,0
66,0
67,0
68,0
69,0
70,0
71,0
72,0
73,1.004
74,0
75,0
76,0
77,0
78,0
79,0
80,0
81,0
82,0
83,0
84,0
85,0
86,0
87,0
88,0
89,0
90,0
91,0
92,0
93,0
94,1.001
95,0
96,1.009
97,0
98,0
99,0
100,0
101,0
102,0
103,0
104,0
105,0
106,0
107,0
108,0
109,0
110,1.001
111,0
112,0
113,0
114,0
115,0
116,0
117,1.333
118,0
119,0
120,0
121,0
122,1.009
123,0
124,0
125,1.001
126,0
127,0
128,1.002
129,0
130,1.275
131,0
132,0
133,1.002
134,0
135,0
136,0
137,1.001
138,0
139,0
140,1.365
141,0
142,0
143,1.01
144,0
145,0
146,1.206
147,1.002
148,0
149,0
150,0
151,0
152,0
153,0
154,1.001
155,1.002
156,0
157,0
158,0
159,1.442
160,0
161,0
162,0
163,0
164,1.001
165,1.002
166,1.001
167,1.002
168,1.005
169,0
170,0
171,1.194
172,1.003
173,1.002
174,1.002
175,1.001
176,1.01
177,1.232
178,0
179,0
180,0
181,0
182,0
183,0
184,0
185,0
186,0
187,0
188,0
189,0
190,0
191,1.166
192,1.003
193,1.003
194,1.001
195,1.001
196,1
197,1.002
198,0
199,0
200,0
201,0
202,0
203,1.002
204,1.014
205,1.049
206,1.001
207,1.001
208,1.395
209,1.001
210,0
211,1.003
212,1.001
213,1.001
214,1.001
215,1.351
216,0
217,1.093
218,1.001
219,1.001
220,0
221,1.225
222,1.11
223,1.403
224,1.001
225,1.001
226,1.001
227,1.352
228,1.015
229,1.051
230,1.001
231,1.003
232,1.002
233,0
234,1.004
235,1.129
236,1.001
237,1.002
238,1.001
239,1.009
240,1.112
241,1.242
242,1.004
243,1.002
244,1.001
245,1.178
246,1.098
247,1.011
248,1.001
249,1.01
250,1.003
251,2.51
252,1.339
253,1.001
254,1.002
255,1.001
256,1.25
257,1.016
258,2.094
259,1.224
260,1.003
261,1.504
262,2.371
263,1.084
264,1.456
265,1.049
266,1.445
267,2.033
268,2.207
269,1.054
270,2.671
271,1.34
272,2.193
273,1.003
274,1.007
275,2.268
276,1.289
277,2.422
278,1.169
279,2.433
280,1.026
281,2.356
282,1.357
283,2.29
284,2.267
285,1.175
286,1.002
287,2.382
288,1.384
289,2.476
290,2.206
291,2.012
292,1.259
293,1.009
294,1.001
295,1.008
296,1.002
297,1.002
298,1.003
299,2.329
300,2.357
301,1.382
302,1.002
303,2.379
304,2.539
305,1.07
306,1.014
307,1.007
308,1.002
309,2.004
310,2.472
311,2.146
312,1.113
313,1.006
314,2.487
315,2.189
316,2.012
317,2.243
318,2.128
319,2.248
320,2.34
321,1.005
322,2.1
323,2.418
324,2.226
325,2.232
326,2.004
327,1.001
328,2.006
329,2.149
330,2.47
331,2.236
332,2.327
333,2.681
334,2.004
335,3.082
336,2.342
337,2.412
338,2.457
339,2.398
340,3.485
341,2.117
342,2.013
343,2.248
344,2.008
345,2.46
346,1.257
347,2.008
348,2.018
349,1.012
350,2.015
351,3.229
352,2.447
353,2.429
354,2.028
355,2.351
356,2.006
357,2.222
358,2.005
359,2.006
360,2.417
361,2.012
362,3.473
363,2.26
364,2.199
365,3.005
366,2.036
367,2.012
368,3.106
369,2.662
370,3.279
371,2.047
372,3.468
373,2.158
374,3.431
375,2.419
376,3.718
377,2.055
378,2.033
379,2.005
380,2.013
381,3.801
382,3.308
383,3.187
384,2.362
385,2.012
386,3.496
387,3.018
388,3.008
389,2.026
390,3.013
391,2.348
392,2.005
393,2.008
394,2.203
395,3.46
396,3.279
397,2.015
398,3.534
399,3.218
400,3.266
401,3.141
402,2.08
403,3.092
404,3.693
405,3.062
406,3.006
407,2.186
408,3.418
409,3.758
410,3.49
411,3.403
412,3.168
413,3.324
414,3.011
415,3.013
416,3.096
417,3.009
418,3.108
419,3.318
420,3.38
421,2.819
422,4.368
423,3.49
424,4.102
425,3.573
426,3.176
427,3.393
428,3.163
429,2.003
430,3.088
431,3.301
432,3.202
433,4.274
434,3.353
435,3.006
436,3.518
437,3.005
438,3.307
439,3.499
440,4.5
441,4.005
442,3.549
443,3.013
444,3.11
445,4.013
446,3.44
447,4.325
448,3.523
449,4.008
450,3.335
451,4.179
452,4.43
453,4.122
454,4.073
455,4.136
456,4.157
457,4.271
458,3.212
459,3.124
460,4.237
461,3.354
462,4.592
463,3.431
464,3.47
465,4.174
466,4.18
467,4.011
468,4.233
469,4.014
470,4.821
471,4.007
472,4.306
473,5.524
474,4.468
475,4.224
476,4.346
477,3.082
478,3.364
479,4.007
480,4.249
481,4.438
482,4.472
483,4.945
484,4.315
485,3.518
486,4.203
487,4.067
488,4.855
489,5.134
490,4.299
491,4.015
492,4.274
493,4.433
494,4.016
495,4.525
496,4.011
497,4.027
498,5.037
499,4.137
500,4.6
501,4.087
502,4.544
503,4.992
504,5.027
505,4.459
506,5.1
507,5.221
508,4.69
509,6.06
510,4.416
511,4.054
512,5.522
513,4.795
514,4.016
515,4.075
516,5.827
517,5.201
518,5.165
519,5.449
520,5.05
521,5.359
522,4.438
523,4.017
524,4.622
525,4.284
526,5.122
527,5.9
528,5.235
529,6.016
530,4.277
531,4.016
532,5.541
533,5.254
534,5.802
535,5.187
536,5.722
537,5.099
538,5.016
539,5.105
540,5.286
541,5.525
542,5.422
543,6.012
544,5.482
545,5.325
546,5.89
547,5.669
548,4.385
549,6.185
550,5.098
551,5.085
552,5.083
553,5.144
554,6.222
555,5.607
556,5.318
557,5.394
558,6.007
559,5.089
560,5.597
561,5.505
562,5.025
563,5.575
564,6.129
565,5.712
566,6.18
567,5.732
568,5.77
569,6.102
570,6.706
571,5.554
572,4.435
573,5.389
574,5.515
575,5.737
576,5.401
577,6.268
578,5.117
579,6.026
580,6.549
581,6.287
582,6.153
583,5.895
584,5.378
585,5.601
586,6.092
587,5.256
588,6.219
589,5.913
590,6.54
591,6.462
592,7.115
593,6.342
594,6.739
595,6.473
596,6.01
597,6.158
598,5.451
599,6.326
600,6.256
601,7.256
602,7.103
603,6.455
604,6.828
605,5.436
606,5.661
607,6.844
608,7.026
609,7.234
610,7.249
611,7.066
612,5.701
613,5.345
614,6.195
615,6.074
616,7.249
617,7.175
618,6.022
619,6.648
620,6.526
621,6.657
622,7.239
623,6.745
624,6.026
625,6.318
626,6.043
627,6.903
628,6.592
629,6.495
630,6.37
631,6.116
632,6.067
633,6.633
634,7.431
635,7.292
636,7.543
637,7.353
638,6.309
639,7.116
640,7.384
641,6.969
642,6.017
643,7.201
644,7.252
645,6.682
646,7.429
647,7.532
648,7.645
649,7.913
650,7.682
651,7.239
652,7.794
653,7.867
654,7.905
655,7.201
656,7.366
657,7.436
658,7.613
659,7.958
660,6.921
661,8.305
662,7.16
663,8.024
664,7.588
665,8.323
666,8.354
667,7.553
668,7.246
669,7.542
670,7.861
671,7.555
672,8.186
673,7.54
674,8.563
675,8.214
676,8.329
677,8.076
678,7.724
679,7.431
680,7.764
681,8.502
682,8.818
683,8.373
684,8.291
685,7.452
686,8.421
687,8.233
688,7.716
689,8.685
690,8.318
691,8.313
692,8.827
693,7.935
694,7.749
695,9.331
696,7.849
697,9.047
698,7.839
699,9.097
700,8.764
701,7.883
702,8.391
703,7.793
704,9.029
705,8.771
706,9.632
707,8.898
708,9.507
709,9.094
710,8.379
711,9.866
712,8.547
713,8.706
714,9.771
715,8.822
716,8.763
717,8.63
718,8.925
719,9.404
720,8.442
721,9.771
722,9.599
723,9.707
724,10.482
725,9.87
726,9.518
727,9.466
728,9.35
729,8.785
730,9.473
731,9.27
732,9.885
733,9.419
734,9.896
735,10.628
736,9.807
737,9.547
738,9.616
739,9.609
740,9.734
741,9.326
742,9.232
743,9.839
744,9.877
745,10.486
746,10.407
747,9.948
748,9.218
749,10.033
750,10.039
751,9.521
752,9.028
753,10.192
754,10.277
755,10.267
756,9.525
757,9.458
758,9.84
759,9.653
760,10.136
761,9.863
762,10.15
763,10.791
764,10.459
765,9.281
766,10.554
767,11.177
768,11.476
769,9.548
770,9.67
771,10.55
772,10.601
773,11.219
774,9.694
775,9.487
776,10.051
777,10.441
778,10.388
779,10.677
780,10.328
781,10.795
782,10.755
783,11.392
784,11.077
785,10.368
786,11.553
787,9.782
788,10.882
789,10.315
790,11.014
791,10.783
792,11.056
793,10.939
794,11.733
795,11.88
796,12.118
797,11.563
798,11.641
799,11.063
800,11.5
801,12.5
802,11.983
803,12.081
804,11.134
805,11.13
806,11.46
807,12.644
808,11.487
809,10.757
810,11.292
811,11.546
812,10.78
813,11.52
814,11.682
815,11.429
816,11.768
817,11.827
818,12.266
819,11.727
820,12.77
821,12.15
822,13.779
823,12.656
824,10.879
825,12.129
826,12.419
827,12.258
828,12.507
829,11.445
830,12.545
831,11.704
832,12.816
833,11.885
834,11.229
835,12.069
836,13.012
837,12.414
838,12.171
839,12.831
840,12.036
841,12.29
842,11.914
843,12.547
844,12.564
845,12.689
846,12.482
847,12.575
848,12.63
849,13.546
850,12.738
851,12.048
852,13.089
853,13.364
854,12.431
855,12.518
856,12.721
857,12.24
858,13.562
859,12.92
860,11.903
861,12.489
862,12.821
863,14.19
864,13.978
865,13.548
866,12.559
867,12.471
868,14.177
869,12.931
870,12.477
871,12.562
872,13.031
873,12.68
874,13.806
875,12.767
876,12.598
877,14.028
878,12.765
879,12.615
880,13.988
881,13.54
882,14.861
883,13.66
884,13.897
885,13.615
886,14.805
887,13.53
888,13.026
889,13.362
890,13.465
891,14.803
892,14.126
893,14.089
894,13.557
895,15.054
896,14.014
897,13.797
898,14.742
899,13.759
900,15.152
901,13.721
902,14.931
903,14
904,14.522
905,15.187
906,15.684
907,14.542
908,14.832
909,14.84
910,14.96
911,15.351
912,15.032
913,14.11
914,14.389
915,14.59
916,14.827
917,15.87
918,14.59
919,15.595
920,14.76
921,15.439
922,14.46
923,14.624
924,14.014
925,14.856
926,15.972
927,16.903
928,15.678
929,14.712
930,15.251
931,15.02
932,15.234
933,15.193
934,15.008
935,14.969
936,16.379
937,16.002
938,15.095
939,15.12
940,15.877
941,15.111
942,14.975
943,16.025
944,16.503
945,16.493
946,15.727
947,16.382
948,17.04
949,15.194
950,15.268
951,15.035
952,16.749
953,15.758
954,16.086
955,16.279
956,16.432
957,15.682
958,15.85
959,16.238
960,17.454
961,17.616
962,16.939
963,16.844
964,16.306
965,16.625
966,15.717
967,17.328
968,17.08
969,16.471
970,15.996
971,17.914
972,16.702
973,16.516
974,16.758
975,18.022
976,18.116
977,17.412
978,17.045
979,16.937
980,16.71
981,17.398
982,26.206
983,19.071
984,24.341
985,17.808
986,17.223
987,18.554
988,16.486
989,17.184
990,16.576
991,17.485
992,17.617
993,17.765
994,16.293
995,15.779
996,17.335
997,17.734
998,16.739
999,17.62
1000,17.418
1001,17.176
1002,16.91
1003,17.727
1004,17.95
1005,18.131
1006,17.15
1007,18.073
1008,18.803
1009,17.682
1010,18.117
1011,18.138
1012,17.888
1013,18.504
1014,18.453
1015,19.715
1016,18.846
1017,17.313
1018,18.42
1019,17.445
1020,18.411
1021,17.688
1022,17.972
1023,18.497
1024,18.905
1025,18.03
1026,18.732
1027,18.526
1028,21.364
1029,19.027
1030,17.871
1031,18.139
1032,17.867
1033,18.029
1034,18.092
1035,19.68
1036,18.26
1037,19.701
1038,19.253
1039,18.189
1040,19.567
1041,19.257
1042,19.627
1043,19.238
1044,18.98
1045,18.391
1046,18.758
1047,18.454
1048,18.272
1049,20.792
1050,19.835
1051,20.192
1052,20.501
1053,18.76
1054,19.824
1055,18.497
1056,19.905
1057,19.043
1058,19.252
1059,20.186
1060,18.925
1061,19.124
1062,19.484
1063,20.722
1064,19.578
1065,19.895
1066,20.942
1067,19.097
1068,20.246
1069,20.224
1070,21.326
1071,19.919
1072,20.231
1073,20.335
1074,21.458
1075,19.898
1076,18.846
1077,20.022
1078,18.93
1079,20.546
1080,19.885
1081,20.482
1082,21.521
1083,20.17
1084,20.857
1085,19.578
1086,20.212
1087,19.513
1088,21.331
1089,20.596
1090,20.315
1091,21.168
1092,19.694
1093,21.554
1094,20.787
1095,20.155
1096,21.09
1097,20.154
1098,21.816
1099,22.449
1100,21.258
1101,21.949
1102,21.052
1103,22.074
1104,21.926
1105,21.453
1106,21.542
1107,22.958
1108,21.617
1109,22.647
1110,21.199
1111,21.98
1112,22.05
1113,22.489
1114,21.786
1115,21.99
1116,22.997
1117,21.881
1118,20.563
1119,21.014
1120,20.676
1121,21.02
1122,20.356
1123,21.341
1124,20.574
1125,20.912
1126,22.75
1127,21.127
1128,22.479
1129,24.143
1130,21.892
1131,21.514
1132,21.791
1133,22.033
1134,21.613
1135,22.374
1136,22.468
1137,21.736
1138,22.507
1139,25.068
1140,29.545
1141,23.941
1142,23.46
1143,22.559
1144,22.485
1145,23.6
1146,24.213
1147,24.845
1148,22.649
1149,23.727
1150,22.596
1151,22.411
1152,22.858
1153,23.857
1154,23.147
1155,23.418
1156,25.756
1157,24.236
1158,23.729
1159,23.801
1160,23.286
1161,23.172
1162,26.118
1163,24.257
1164,23.917
1165,24.658
1166,23.237
1167,23.508
1168,25.182
1169,24.17
1170,24.968
1171,25.749
1172,24.426
1173,24.451
1174,24.361
1175,24.868
1176,24.248
1177,23.893
1178,25.44
1179,25.942
1180,24.402
1181,24.252
1182,25.104
1183,24.462
1184,25.481
1185,24.063
1186,26.969
1187,25.815
1188,24.839
1189,25.136
1190,24.974
1191,23.973
1192,24.854
1193,25.478
1194,24.433
1195,25.158
1196,25.019
1197,23.91
1198,25.023
1199,24.951
1200,25.601
1201,25.809
1202,25.92
1203,25.815
1204,25.678
1205,25.528
1206,26.579
1207,31.585
1208,32.079
1209,36.142
1210,30.842
1211,27.821
1212,29.643
1213,31.854
1214,26.558
1215,27.313
1216,25.152
1217,25.238
1218,26.006
1219,26.098
1220,26.691
1221,27.643
1222,26.303
1223,27.069
1224,26.748
1225,27.42
1226,27.034
1227,26.649
1228,26.531
1229,27.804
1230,26.576
1231,26.494
1232,25.213
1233,28.793
1234,25.854
1235,26.987
1236,26.123
1237,26.695
1238,26.742
1239,28.623
1240,27.153
1241,28.227
1242,26.917
1243,26.478
1244,26.752
1245,28.281
1246,27.648
1247,27.002
1248,28.314
1249,27.876
1250,27.698
1251,27.2
1252,27.803
1253,27.786
1254,27.117
1255,28.724
1256,29.388
1257,27.346
1258,27.198
1259,27.899
1260,27.228
1261,27.974
1262,28.955
1263,28.078
1264,27.907
1265,27.98
1266,27.576
1267,28.091
1268,28.208
1269,28.889
1270,28.553
1271,28.808
1272,28.574
1273,28.825
1274,28.257
1275,28.366
1276,28.145
1277,29.269
1278,28.287
1279,30.403
1280,29.282
1281,28.874
1282,28.779
1283,30.018
1284,28.682
1285,29.591
1286,28.764
1287,31.069
1288,27.856
1289,29.359
1290,29.656
1291,29.562
1292,29.061
1293,29.524
1294,29.074
1295,29.871
1296,31.407
1297,28.944
1298,28.23
1299,29.492
1300,29.774
1301,29.786
1302,28.718
1303,28.821
1304,30.517
1305,28.482
1306,29.932
1307,30.365
1308,32.229
1309,34.355
1310,38.27
1311,30.643
1312,33.866
1313,30.766
1314,31.007
1315,30.496
1316,31.235
1317,33.891
1318,40.275
1319,34.101
1320,36.159
1321,36.423
1322,31.391
1323,35.479
1324,34.473
1325,31.364
1326,33.387
1327,32.407
1328,31.198
1329,30.259
1330,32.242
1331,31.993
1332,31.86
1333,30.509
1334,31.708
1335,30.731
1336,37.016
1337,32.025
1338,31.586
1339,30.301
1340,30.44
1341,32.387
1342,31.809
1343,33.025
1344,32.64
1345,33.48
1346,32.997
1347,32.818
1348,30.818
1349,32.493
1350,31.612
1351,32.227
1352,31.706
1353,32.162
1354,33.69
1355,40.534
1356,48.591
1357,35.784
1358,37.956
1359,33.699
1360,34.4
1361,34.229
1362,34.222
1363,34.13
1364,33.48
1365,33.793
1366,34.758
1367,32.8
1368,32.646
1369,32.08
1370,32.643
1371,31.546
1372,33.199
1373,32.253
1374,32.879
1375,32.47
1376,34.664
1377,33.071
1378,33.349
1379,32.517
1380,33.195
1381,34.195
1382,32.83
1383,32.472
1384,33.378
1385,32.2
1386,31.938
1387,36.047
1388,35.088
1389,33.841
1390,32.861
1391,33.456
1392,32.998
1393,34.134
1394,33.734
1395,34.721
1396,32.784
1397,34.576
1398,32.918
1399,32.651
1400,34.307
1401,33.322
1402,32.782
1403,34.319
1404,32.647
1405,33.575
1406,34.128
1407,33.227
1408,35.951
1409,34.265
1410,33.364
1411,34.972
1412,36.337
1413,33.446
1414,34.578
1415,34.171
1416,34.276
1417,35.49
1418,34.49
1419,34.671
1420,35.238
1421,34.015
1422,34.59
1423,34.041
1424,36.389
1425,35.176
1426,34.719
1427,34.115
1428,37.14
1429,34.528
1430,34.268
1431,36.58
1432,37.001
1433,36.864
1434,35.282
1435,38.457
1436,37.926
1437,39.119
1438,36.569
1439,36.003
1440,36.003
1441,35.404
1442,36.273
1443,36.338
1444,38.354
1445,36.768
1446,36.726
1447,38.4
1448,39.337
1449,37.227
1450,35.85
1451,36.62
1452,36.695
1453,36.608
1454,36.514
1455,37.627
1456,37.567
1457,36.7
1458,37.186
1459,37.149
1460,37.83
1461,36.697
1462,36.058
1463,37.489
1464,36.899
1465,37.348
1466,36.094
1467,38.496
1468,40.075
1469,36.994
1470,37.102
1471,36.48
1472,38.219
1473,35.448
1474,35.396
1475,37.037
1476,39.55
1477,37.905
1478,37.683
1479,38.093
1480,37.625
1481,37.413
1482,39.282
1483,38.906
1484,37.646
1485,36.543
1486,37.587
1487,36.709
1488,38.609
1489,39.516
1490,36.851
1491,38.658
1492,39.336
1493,37.819
1494,38.711
1495,37.551
1496,39.178
1497,37.145
1498,39.063
1499,38.401
1500,37.927
1501,41.993
1502,38.485
1503,38.517
1504,38.605
1505,38.28
1506,37.911
1507,40.622
1508,39.289
1509,39.357
1510,40.002
1511,38.795
1512,40.353
1513,39.149
1514,39.99
1515,37.335
1516,40.615
1517,40.684
1518,40.185
1519,40.558
1520,41.058
1521,39.704
1522,40.639
1523,39.778
1524,40.781
1525,41.939
1526,42.397
1527,38.936
1528,41.182
1529,40.508
1530,39.22
1531,39.727
1532,40.121
1533,40.836
1534,40.635
1535,39.7
1536,41.75
1537,39.636
1538,41.711
1539,40.404
1540,41.936
1541,40.839
1542,40.457
1543,41.774
1544,43.945
1545,40.738
1546,40.392
1547,41.415
1548,41.369
1549,40.921
1550,41.034
1551,42.526
1552,41.947
1553,40.719
1554,41.238
1555,42.418
1556,42.607
1557,42.369
1558,43.65
1559,42.779
1560,44.009
1561,40.877
1562,42.89
1563,41.094
1564,42.565
1565,42.68
1566,42.379
1567,42.802
1568,41.315
1569,44.558
1570,42.004
1571,40.93
1572,42.625
1573,42.195
1574,41.468
1575,42.092
1576,41.723
1577,42.151
1578,42.435
1579,43.286
1580,47.033
1581,42.771
1582,45.645
1583,45.293
1584,43.493
1585,41.649
1586,44.161
1587,44.8
1588,44.313
1589,43.872
1590,41.499
1591,43.548
1592,43.118
1593,43.536
1594,43.358
1595,44.475
1596,43.67
1597,43.652
1598,42.485
1599,46.054
1600,43.732
1601,43.731
1602,43.917
1603,43.682
1604,44.043
1605,44.619
1606,44.441
1607,46.254
1608,43.237
1609,45.131
1610,45.921
1611,43.122
1612,44.157
1613,44.003
1614,44.271
1615,43.224
1616,44.585
1617,46.442
1618,45.175
1619,47.593
1620,44.298
1621,44.354
1622,45.311
1623,44.265
1624,43.638
1625,42.742
1626,45.035
1627,45.83
1628,46.258
1629,46.264
1630,43.922
1631,45.342
1632,47.076
1633,46.128
1634,46.54
1635,46.8
1636,46.311
1637,46.702
1638,46.234
1639,46.986
1640,44.939
1641,46.839
1642,47.574
1643,46.682
1644,46.4
1645,46.251
1646,46.786
1647,46.91
1648,48.068
1649,48.207
1650,48.399
1651,46.661
1652,46.121
1653,46.121
1654,46.367
1655,45.058
1656,47.304
1657,47.568
1658,44.235
1659,49.232
1660,47.408
1661,47.333
1662,49.895
1663,48.905
1664,48.032
1665,50.103
1666,47.248
1667,47.722
1668,49.547
1669,48.44
1670,51.338
1671,56.096
1672,50.308
1673,49.63
1674,49.411
1675,49.176
1676,49.94
1677,50.402
1678,51
1679,62.198
1680,69.823
1681,58.296
1682,58.34
1683,66.485
1684,67.304
1685,158.328
1686,213.985
1687,71.131
1688,67.437
1689,60.771
1690,58.607
1691,68.798
1692,77.765
1693,62.949
1694,53.267
1695,51.103
1696,51.504
1697,51.369
1698,50
1699,50.909
1700,49.722
1701,49.523
1702,56.373
1703,52.017
1704,70.44
1705,92.585
1706,51.483
1707,50.534
1708,51.61
1709,50.209
1710,50.476
1711,52.374
1712,51.373
1713,52.818
1714,54.618
1715,53.354
1716,53.421
1717,51.087
1718,51.816
1719,50.747
1720,51.442
1721,51.284
1722,52.026
1723,51.612
1724,51.688
1725,52.776
1726,50.841
1727,52.518
1728,50.886
1729,51.07
1730,52.835
1731,49.735
1732,51.759
1733,51.004
1734,53.221
1735,51.307
1736,51.771
1737,51.949
1738,51.822
1739,56.14
1740,52.585
1741,53.106
1742,53.703
1743,52.616
1744,53.825
1745,53.556
1746,55.453
1747,55.071
1748,52.72
1749,53.05
1750,52.662
1751,53.91
1752,51.931
1753,54.308
1754,54.443
1755,52.585
1756,53.057
1757,53.963
1758,52.489
1759,53.4
1760,54.464
1761,53.581
1762,53.795
1763,54.039
1764,54.669
1765,53.38
1766,55.034
1767,54.561
1768,53.917
1769,53.612
1770,54.724
1771,54.135
1772,54.43
1773,54.778
1774,55.501
1775,54.039
1776,55.45
1777,57.461
1778,72.886
1779,125.192
1780,55.732
1781,55.482
1782,56.703
1783,56.077
1784,55.895
1785,57.143
1786,56.639
1787,54.996
1788,56.135
1789,55.065
1790,56.152
1791,72.72
1792,130.01
1793,54.401
1794,56.97
1795,56.046
1796,58.582
1797,56.432
1798,56.814
1799,55.821
1800,57.822
1801,57.825
1802,57.361
1803,58.993
1804,80.729
1805,56.637
1806,57.521
1807,57.854
1808,57.498
1809,57.816
1810,57.126
1811,59.797
1812,58.255
1813,55.931
1814,58.056
1815,57.665
1816,59.758
1817,59.138
1818,56.854
1819,58.579
1820,57.112
1821,59.076
1822,56.286
1823,59.265
1824,58.826
1825,57.853
1826,58.944
1827,58.526
1828,58.817
1829,59.193
1830,58.463
1831,58.194
1832,58.806
1833,58.625
1834,59.695
1835,58.221
1836,62.668
1837,59.015
1838,59.376
1839,59.637
1840,60.924
1841,59.731
1842,59.761
1843,58.904
1844,59.863
1845,59.642
1846,59.559
1847,59.37
1848,58.488
1849,59.804
1850,60.306
1851,60.339
1852,59.999
1853,60.209
1854,59.924
1855,58.742
1856,60.893
1857,59.914
1858,60.86
1859,59.636
1860,60.165
1861,59.433
1862,65.951
1863,61.897
1864,63.18
1865,61.155
1866,61.696
1867,62.054
1868,60.685
1869,62.465
1870,61.987
1871,60.531
1872,61.383
1873,61.468
1874,62.343
1875,63.411
1876,61.378
1877,62.945
1878,62.565
1879,63.612
1880,61.286
1881,63.445
1882,62.775
1883,60.764
1884,61.335
1885,61.144
1886,61.505
1887,62.014
1888,61.773
1889,60.971
1890,62.411
1891,63.857
1892,66.256
1893,62.653
1894,63.038
1895,63.911
1896,63.922
1897,63.103
1898,62.838
1899,62.785
1900,62.893
1901,65.143
1902,64.022
1903,63.716
1904,66.638
1905,66.204
1906,68.126
1907,67.545
1908,68.118
1909,64.841
1910,65.569
1911,66.1
1912,70.668
1913,65.285
1914,65.729
1915,67.428
1916,66.997
1917,68.956
1918,67.675
1919,68.553
1920,71.814
1921,68.458
1922,74.078
1923,67.97
1924,66.7
1925,68.592
1926,68.023
1927,66.945
1928,68.195
1929,68.018
1930,69.013
1931,69.949
1932,68.004
1933,69.685
1934,66.556
1935,69.013
1936,70.653
1937,72.002
1938,69.215
1939,85.645
1940,67.96
1941,73.276
1942,67.338
1943,67.559
1944,66.037
1945,67.552
1946,71.363
1947,73.967
1948,76.375
1949,73.76
1950,77.482
1951,70.973
1952,80.16
1953,75.567
1954,77.722
1955,72.556
1956,77.485
1957,74.76
1958,71.238
1959,69.883
1960,71.247
1961,74.129
1962,74.471
1963,76.478
1964,70.296
1965,78.752
1966,76.048
1967,75.571
1968,75.552
1969,72.681
1970,72.712
1971,75.982
1972,77.826
1973,70.215
1974,68.475
1975,67.864
1976,71.906
1977,73.352
1978,70.734
1979,95.409
1980,73.858
1981,77.442
1982,80.63
1983,79.762
1984,84.391
1985,127.361
1986,95.275
1987,158.612
1988,112.927
1989,78.553
1990,168.301
1991,75.44
1992,90.694
1993,83.333
1994,81.871
1995,80.152
1996,78.692
1997,77.549
1998,83
1999,85.615
2000,79.264
2001,74.299
2002,75.803
2003,75.587
2004,75.205
2005,76.457
2006,74.377
2007,74.457
2008,75.708
2009,75.28
2010,83.62
2011,100.739
2012,80.296
2013,75.54
2014,77.686
2015,79.789
2016,80.506
2017,79.062
2018,84.759
2019,100.985
2020,85.046
2021,77.79
2022,82.05
2023,82.914
2024,79.658
2025,75.479
2026,80.243
2027,79.657
2028,77.066
2029,80.68
2030,80.714
2031,79.601
2032,79.202
2033,81.134
2034,84.823
2035,77.764
2036,79.817
2037,77.432
2038,78.665
2039,79.475
2040,78.584
2041,77.793
2042,78.429
2043,75.06
2044,76.506
2045,76.848
2046,75.465
2047,77.47
2048,75.875
2049,76.826
2050,81.139
2051,78.681
2052,75.87
2053,77.44
2054,77.672
2055,79.001
2056,77.427
2057,77.057
2058,77.393
2059,77.319
2060,77.402
2061,78.426
2062,75.413
2063,78.616
2064,76.297
2065,76.717
2066,77.827
2067,79.442
2068,78.589
2069,77.417
2070,79.868
2071,78.949
2072,78.386
2073,78.495
2074,82.309
2075,77.608
2076,81.563
2077,89.548
2078,96.481
2079,105.117
2080,114.119
2081,113.071
2082,108.637
2083,98.818
2084,110.009
2085,103.023
2086,95.368
2087,129.72
2088,100.069
2089,151.258
2090,102.366
2091,125.107
2092,115.598
2093,132.023
2094,121.739
2095,97.164
2096,92.226
2097,89.831
2098,96.611
2099,98.864
2100,94.185
2101,98.409
2102,89.059
2103,92.942
2104,89.654
2105,88.105
2106,90.981
2107,92.299
2108,92.174
2109,90.171
2110,92.626
2111,99.809
2112,96.879
2113,92.717
2114,92.613
2115,92.182
2116,92.104
2117,91.653
2118,97.784
2119,94.259
2120,93.331
2121,90.868
2122,99.293
2123,95.533
2124,92.783
2125,91.419
2126,92.413
2127,97.021
2128,91.82
2129,92.159
2130,92.169
2131,97.013
2132,96.813
2133,95.177
2134,92.835
2135,98.005
2136,93.957
2137,95.036
2138,100.302
2139,102.202
2140,96.625
2141,94.242
2142,96.424
2143,96.23
2144,93.797
2145,94.418
2146,98.189
2147,95.051
2148,96.137
2149,94.826
2150,94.122
2151,96.755
2152,95.452
2153,96.88
2154,95.217
2155,95.178
2156,96.871
2157,95.197
2158,94.697
2159,93.41
2160,97.98
2161,95.114
2162,100.591
2163,97.602
2164,97.33
2165,98.043
2166,100.367
2167,97.29
2168,96.884
2169,101.318
2170,97.702
2171,98.115
2172,96.956
2173,98.488
2174,98.3
2175,98.057
2176,97.803
2177,98.021
2178,103.821
2179,96.898
2180,97.644
2181,98.756
2182,101.059
2183,96.103
2184,96.728
2185,97.434
2186,101.673
2187,98.871
2188,96.73
2189,99.005
2190,100.969
2191,97.349
2192,104.435
2193,102.227
2194,99.428
2195,97.966
2196,100.214
2197,101.298
2198,99.932
2199,100.004
2200,100.058
2201,101.115
2202,108.14
2203,100.76
2204,100.14
2205,103.211
2206,101.301
2207,99.727
2208,101.938
2209,105.046
2210,101.873
2211,100.771
2212,104.455
2213,106.679
2214,103.906
2215,100.529
2216,105.21
2217,112.008
2218,112.015
2219,125.746
2220,116.845
2221,111.125
2222,104.528
2223,103.105
2224,100.396
2225,101.21
2226,103.339
2227,103.288
2228,102.434
2229,101.636
2230,106.363
2231,102.876
2232,102.461
2233,100.639
2234,106.589
2235,103.209
2236,102.083
2237,101.062
2238,105.744
2239,106.303
2240,106.11
2241,105.299
2242,105.533
2243,102.129
2244,104.466
2245,106.584
2246,104.5
2247,103.781
2248,104.233
2249,113.091
2250,110.57
2251,105.521
2252,105.28
2253,106.387
2254,106.464
2255,104.575
2256,111.478
2257,113.321
2258,111.031
2259,108.996
2260,107.4
2261,106.349
2262,111.838
2263,109.12
2264,108.552
2265,108.346
2266,114.008
2267,109.741
2268,106.27
2269,111.39
2270,107.442
2271,104.206
2272,109.377
2273,107.802
2274,108.278
2275,107.458
2276,113.623
2277,109.626
2278,107.371
2279,110.762
2280,111.635
2281,112.47
2282,111.887
2283,113.425
2284,110.429
2285,112.506
2286,107.56
2287,112.203
2288,110.671
2289,108.618
2290,114.163
2291,110.823
2292,111.615
2293,107.91
2294,116.698
2295,109.655
2296,109.141
2297,109.982
2298,115.616
2299,114.628
2300,108.453
2301,114.417
2302,111.559
2303,118.749
2304,110.121
2305,111.523
2306,110.174
2307,111.007
2308,112.36
2309,109.958
2310,118.544
2311,119.043
2312,112.996
2313,113.256
2314,113.404
2315,114.949
2316,110.361
2317,116.336
2318,113.897
2319,113.536
2320,117.154
2321,115.063
2322,114.602
2323,115.069
2324,119.976
2325,115.898
2326,114.906
2327,117.14
2328,118.822
2329,115.693
2330,111.693
2331,117.662
2332,113.799
2333,112.306
2334,115.004
2335,113.471
2336,112.776
2337,118.007
2338,116.08
2339,119.53
2340,114.474
2341,117.985
2342,117.484
2343,116.095
2344,118.04
2345,116.724
2346,131.905
2347,119.9
2348,116.352
2349,115.195
2350,125.297
2351,125.709
2352,152.035
2353,122.565
2354,117.144
2355,115.154
2356,118.804
2357,113.884
2358,114.841
2359,121.028
2360,112.203
2361,106.542
2362,107.929
2363,107.031
2364,105.979
2365,105.47
2366,109.988
2367,106.715
2368,104.819
2369,105.929
2370,111.645
2371,118.496
2372,166.006
2373,122.308
2374,117.65
2375,118.118
2376,121.43
2377,118.417
2378,117.672
2379,127.094
2380,125.639
2381,132.253
2382,116.273
2383,110.174
2384,105.641
2385,108.89
2386,109.065
2387,107.67
2388,107.629
2389,107.021
2390,116.266
2391,106.304
2392,105.907
2393,108.39
2394,117.117
2395,123.483
2396,110.591
2397,108.76
2398,110.966
2399,110.292
2400,107.524
2401,105.359
2402,106.842
2403,109.944
2404,106.493
2405,117.788
2406,117.637
2407,112.07
2408,111.407
2409,110.448
2410,113.514
2411,107.967
2412,115.23
2413,112.848
2414,111.518
2415,109.73
2416,108.681
2417,113.115
2418,114.665
2419,111.994
2420,111.921
2421,108.582
2422,109.259
2423,110.602
2424,113.763
2425,108.591
2426,110.185
2427,109.797
2428,110.234
2429,113.823
2430,110.534
2431,112.763
2432,112.447
2433,116.215
2434,114.163
2435,110.025
2436,111.002
2437,114.295
2438,111.338
2439,113.372
2440,114.723
2441,109.902
2442,112.495
2443,111.486
2444,114.947
2445,113.029
2446,113.232
2447,122.424
2448,120.165
2449,112.392
2450,115.687
2451,111.454
2452,112.589
2453,112.477
2454,113.156
2455,116.592
2456,112.919
2457,113.551
2458,114.696
2459,112.689
2460,115.024
2461,113.765
2462,110.938
2463,115.06
2464,118.018
2465,113.204
2466,113.484
2467,117.211
2468,113.893
2469,114.983
2470,129.005
2471,119.317
2472,117.939
2473,112.326
2474,117.436
2475,114.41
2476,115.217
2477,116.845
2478,114.91
2479,112.928
2480,115.146
2481,117.048
2482,116.332
2483,128.345
2484,126.653
2485,128.961
2486,128.175
2487,115.29
2488,116.916
2489,116.657
2490,117.635
2491,122.917
2492,117.99
2493,115.632
2494,132.957
2495,117.825
2496,119.093
2497,116.39
2498,118.737
2499,118.918
2500,119.725
2501,124.894
2502,117.446
2503,118.292
2504,117.062
2505,118.007
2506,118.775
2507,119.711
2508,125.269
2509,128.85
2510,131.593
2511,134.449
2512,125.507
2513,118.818
2514,118.271
2515,145.045
2516,131.994
2517,124.79
2518,121.984
2519,120.528
2520,119.392
2521,122.468
2522,119.005
2523,120.542
2524,121.749
2525,120.652
2526,127.058
2527,123.402
2528,121.578
2529,122.737
2530,124.006
2531,121.881
2532,121.61
2533,122.441
2534,119.057
2535,124.887
2536,139.064
2537,129.86
2538,118.456
2539,125.166
2540,124.367
2541,122.898
2542,123.73
2543,122.71
2544,120.412
2545,123.67
2546,121
2547,121.773
2548,120.018
2549,125.647
2550,120.734
2551,121.848
2552,122.606
2553,128.62
2554,122.241
2555,147.039
2556,123.663
2557,124.261
2558,126.224
2559,124.386
2560,124.895
2561,130.743
2562,120.206
2563,129.687
2564,144.011
2565,137.017
2566,133.771
2567,127.059
2568,126.908
2569,127.964
2570,161.548
2571,126.608
2572,126.981
2573,126.398
2574,134.26
2575,134.489
2576,125.665
2577,127.546
2578,136.325
2579,145.752
2580,130.878
2581,131.048
2582,128.427
2583,124.46
2584,125.076
2585,127.066
2586,128.091
2587,129.783
2588,128.978
2589,129.417
2590,126.39
2591,126.692
2592,127.015
2593,124.267
2594,134.479
2595,136.027
2596,126.581
2597,126.674
2598,136.471
2599,129.999
2600,132.339
2601,131.515
2602,131.359
2603,137.732
2604,133.839
2605,128.733
2606,123.879
2607,134.702
2608,131.421
2609,128.037
2610,145.5
2611,134.41
2612,133.026
2613,134.635
2614,134.018
2615,125.903
2616,134.554
2617,153.214
2618,136.541
2619,135.036
2620,126.202
2621,127.249
2622,131.75
2623,132.147
2624,147.305
2625,131.073
2626,131.335
2627,149.332
2628,150.099
2629,130.994
2630,133.732
2631,133.017
2632,133.482
2633,140.727
2634,140.181
2635,138.581
2636,132.169
2637,131.518
2638,142.618
2639,153.343
2640,160.004
2641,152.745
2642,145.188
2643,150.906
2644,146.29
2645,144.448
2646,148.743
2647,146.446
2648,149.264
2649,152.269
2650,158.089
2651,152.327
2652,224.508
2653,196.469
2654,158.996
2655,154.866
2656,142.431
2657,149.238
2658,181.639
2659,210.753
2660,188.694
2661,153.584
2662,134.569
2663,141.927
2664,144.586
2665,137.82
2666,140.623
2667,146.746
2668,138.494
2669,181.782
2670,160.771
2671,148.745
2672,154.148
2673,151.018
2674,148.172
2675,149.454
2676,149.424
2677,151.902
2678,149.073
2679,139.602
2680,160.051
2681,154.9
2682,173.216
2683,157.943
2684,152.944
2685,153.882
2686,151.713
2687,151.038
2688,154.715
2689,153.104
2690,160.109
2691,159.5
2692,163.832
2693,155.562
2694,155.632
2695,155.159
2696,155.907
2697,153.228
2698,160.181
2699,153.33
2700,151.011
2701,157.712
2702,160.123
2703,164.127
2704,178.429
2705,176.102
2706,161.977
2707,160.18
2708,154.17
2709,159.015
2710,156.317
2711,157.024
2712,163.293
2713,155.692
2714,164.684
2715,159.432
2716,158.525
2717,155.722
2718,159.033
2719,166.085
2720,163.583
2721,169.708
2722,152.355
2723,158.77
2724,156.896
2725,152.291
2726,158.906
2727,153.045
2728,163.632
2729,155.397
2730,157.114
2731,158.279
2732,154.279
2733,161.948
2734,154.93
2735,161.644
2736,156.293
2737,160.119
2738,157.623
2739,156.976
2740,163.343
2741,158.926
2742,163.208
2743,160.048
2744,158.306
2745,165.719
2746,160.227
2747,163.176
2748,159.275
2749,156.258
2750,166.265
2751,154.176
2752,161.793
2753,165.538
2754,157.048
2755,159.789
2756,158.772
2757,160.172
2758,156.224
2759,158.634
2760,161.84
2761,165.488
2762,159.369
2763,157.702
2764,165.009
2765,158.421
2766,161.187
2767,158.091
2768,158.725
2769,158.316
2770,159.969
2771,161.29
2772,158.449
2773,157.181
2774,165.728
2775,158.862
2776,164.178
2777,163.087
2778,160.151
2779,162.215
2780,158.025
2781,162.981
2782,162.289
2783,167.031
2784,167.214
2785,160.304
2786,165.046
2787,162.639
2788,164.751
2789,162.495
2790,169.264
2791,163.531
2792,165.653
2793,164.249
2794,161.024
2795,164.102
2796,162.89
2797,167.459
2798,165.755
2799,169.949
2800,164.852
2801,168.496
2802,165.773
2803,164.542
2804,167.887
2805,163.121
2806,168.087
2807,164.451
2808,164.24
2809,167.794
2810,164.836
2811,173.222
2812,164.617
2813,181.674
2814,165.251
2815,164.502
2816,168.804
2817,166.145
2818,169.15
2819,164.724
2820,165.332
2821,165.803
2822,169.113
2823,165.925
2824,170.693
2825,167.438
2826,166.945
2827,168.848
2828,167.312
2829,168.744
2830,168.971
2831,175.253
2832,165.378
2833,170.855
2834,182.101
2835,175.352
2836,172.714
2837,168.327
2838,171.736
2839,172.069
2840,172.66
2841,169.958
2842,170.558
2843,175.088
2844,172.076
2845,175.397
2846,170.244
2847,172.527
2848,173.455
2849,181.121
2850,171.052
2851,175.544
2852,170.52
2853,170.128
2854,172.571
2855,170.266
2856,172.701
2857,171.713
2858,179.367
2859,166.101
2860,173.322
2861,168.724
2862,172.424
2863,172.047
2864,169.566
2865,173.571
2866,168.821
2867,176.467
2868,170.072
2869,174.729
2870,179.499
2871,179.866
2872,172.425
2873,170.753
2874,200.703
2875,183.929
2876,176.153
2877,174.162
2878,174.093
2879,178.353
2880,176.095
2881,173.773
2882,181.742
2883,188.269
2884,191.944
2885,191.007
2886,196.936
2887,176.374
2888,182.201
2889,177.546
2890,184.32
2891,171.234
2892,174.266
2893,179.256
2894,175.132
2895,182.598
2896,182.483
2897,180.831
2898,178.15
2899,180.678
2900,176.883
2901,177.738
2902,178.826
2903,172.659
2904,174.31
2905,183.36
2906,173.297
2907,181.775
2908,171.827
2909,170.857
2910,175.402
2911,174.669
2912,175.046
2913,170.829
2914,179.18
2915,172.405
2916,179.353
2917,171.723
2918,175.055
2919,173.781
2920,168.576
2921,176.909
2922,172.811
2923,175.223
2924,171.117
2925,182.22
2926,171.51
2927,180.833
2928,175.321
2929,173.175
2930,175.153
2931,171.836
2932,179.02
2933,175.911
2934,171.957
2935,172.068
2936,173.099
2937,173.353
2938,182.939
2939,172.673
2940,176.281
2941,174.28
2942,172.743
2943,172.859
2944,173.092
2945,178.453
2946,175.905
2947,180.823
2948,180.355
2949,184.111
2950,178.442
2951,181.964
2952,180.339
2953,181.209
2954,178.836
2955,177.608
2956,181.933
2957,181.368
2958,186.685
2959,182.342
2960,184.016
2961,188.073
2962,179.784
2963,180.1
2964,181.393
2965,179.986
2966,184.51
2967,182.508
2968,182.456
2969,179.521
2970,187.466
2971,189.936
2972,182.614
2973,179.415
2974,186.371
2975,180.472
2976,184.752
2977,177.618
2978,180.045
2979,188.489
2980,180.72
2981,182.394
2982,178.008
2983,190.611
2984,178.124
2985,182.369
2986,180.104
2987,184.066
2988,182.217
2989,182.309
2990,179.917
2991,178.174
2992,180.474
2993,187.535
2994,185.236
2995,183.813
2996,181.813
2997,184.414
2998,180.205
2999,184.706
3000,185.635
3001,182.779
3002,197.92
3003,187.249
3004,185.86
3005,182.504
3006,192.372
3007,183.56
3008,189.675
3009,185.828
3010,185.026
3011,186.029
3012,189.229
3013,186.871
3014,186.042
3015,191.476
3016,190.208
3017,183.162
3018,191.393
3019,185.148
3020,190.035
3021,185.624
3022,185.783
3023,184.631
3024,192.917
3025,186.473
3026,190.409
3027,184.926
3028,187.832
3029,184.385
3030,196.252
3031,195.639
3032,202.775
3033,186.134
3034,188.59
3035,183.857
3036,188.016
3037,189.051
3038,185.346
3039,188.067
3040,188.434
3041,187.285
3042,187.697
3043,188.289
3044,185.454
3045,188.497
3046,196.043
3047,184.756
3048,194.076
3049,187.062
3050,209.709
3051,213.043
3052,192.865
3053,190.907
3054,193.726
3055,191.171
3056,188.032
3057,191.69
3058,193.453
3059,189.438
3060,191.903
3061,210.532
3062,189.971
3063,194.461
3064,190.305
3065,193.729
3066,189.636
3067,193.594
3068,196.255
3069,190.328
3070,194.741
3071,193.339
3072,192.928
3073,194.28
3074,193.228
3075,187.258
3076,198.912
3077,189.171
3078,195.83
3079,210.105
3080,196.285
3081,201.909
3082,195.602
3083,191.037
3084,194.925
3085,189.325
3086,199.908
3087,192.235
3088,195.992
3089,214.087
3090,199.584
3091,196.055
3092,198.37
3093,191.061
3094,198.335
3095,192.586
3096,196.168
3097,198.457
3098,191.8
3099,198.801
3100,192.371
3101,199.039
3102,193.851
3103,199.539
3104,196.258
3105,196.722
3106,197.247
3107,204.657
3108,196.424
3109,203.837
3110,197.11
3111,195.756
3112,194.654
3113,202.923
3114,209.936
3115,201.145
3116,206.287
3117,199.37
3118,207.064
3119,199.294
3120,200.442
3121,197.213
3122,202.178
3123,199.857
3124,198.417
3125,200.58
3126,202.782
3127,199.362
3128,199.558
3129,228.815
3130,206.759
3131,205.364
3132,199.807
3133,199.83
3134,201.676
3135,204.136
3136,206.741
3137,215.474
3138,208.224
3139,209.86
3140,208.196
3141,207.835
3142,205.848
3143,206.985
3144,203.551
3145,204.135
3146,207.924
3147,205.336
3148,212.805
3149,206.12
3150,207.952
3151,206.226
3152,216.038
3153,205.721
3154,223.018
3155,213.02
3156,217.601
3157,208.602
3158,212.551
3159,213.711
3160,211.071
3161,212.869
3162,215.003
3163,215.715
3164,208.772
3165,208.314
3166,215.668
3167,208.972
3168,214.648
3169,211.663
3170,215.201
3171,209.19
3172,211.912
3173,214.891
3174,210.997
3175,214.369
3176,220.465
3177,218.216
3178,210.467
3179,212.058
3180,206.185
3181,209.065
3182,203.624
3183,211.282
3184,206.201
3185,211.73
3186,210.518
3187,210.56
3188,208.1
3189,211.46
3190,211.109
3191,207.221
3192,212.226
3193,224.11
3194,223.09
3195,213.468
3196,208.75
3197,213.908
3198,228.439
3199,244.864
3200,213.419
3201,219.667
3202,216.831
3203,215.566
3204,215.184
3205,215.119
3206,220.09
3207,216.604
3208,216.584
3209,215.822
3210,220.694
3211,215.071
3212,218.176
3213,220.319
3214,210.812
3215,221.292
3216,227.377
3217,224.969
3218,250.224
3219,232.698
3220,230.947
3221,238.327
3222,243.863
3223,226.84
3224,212.518
3225,221.369
3226,215.867
3227,212.901
3228,219.535
3229,229.648
3230,218.235
3231,217.742
3232,220.256
3233,214.342
3234,218.759
3235,216.834
3236,214.386
3237,216.455
3238,216.664
3239,215.052
3240,223.43
3241,214.221
3242,219.316
3243,217.765
3244,222.994
3245,224.243
3246,224.932
3247,223.366
3248,220.975
3249,223.198
3250,222.773
3251,222.915
3252,219.455
3253,227.559
3254,221.108
3255,223.56
3256,223.626
3257,227.818
3258,225.385
3259,228.052
3260,221.722
3261,227.14
3262,222.96
3263,225.536
3264,228.207
3265,222.199
3266,239.872
3267,220.554
3268,229.991
3269,238.639
3270,228.169
3271,232.463
3272,222.638
3273,230.333
3274,226.479
3275,227.468
3276,229.144
3277,223.487
3278,230.24
3279,225.581
3280,222.41
3281,223.881
3282,225.708
3283,232.097
3284,227.361
3285,224.525
3286,228.639
3287,227.029
3288,232.114
3289,229.638
3290,236.826
3291,236.378
3292,229.399
3293,225.42
3294,224.132
3295,230.642
3296,225.825
3297,227.513
3298,225.388
3299,225.657
3300,228.538
3301,233.897
3302,227.342
3303,229.091
3304,223.821
3305,230.536
3306,224.32
3307,227.72
3308,245.651
3309,247.456
3310,230.269
3311,234.046
3312,231.457
3313,234.946
3314,230.5
3315,234.771
3316,234.988
3317,231.546
3318,232.528
3319,230.58
3320,240.032
3321,232.787
3322,233.711
3323,231.801
3324,229.098
3325,229.94
3326,238.471
3327,226.442
3328,235.41
3329,236.661
3330,233.489
3331,250.53
3332,264.335
3333,235.43
3334,239.158
3335,237.239
3336,240.323
3337,235.447
3338,232.388
3339,234.123
3340,234.301
3341,235.364
3342,233.046
3343,236.246
3344,241.6
3345,237.492
3346,233.908
3347,239.172
3348,233.348
3349,238.895
3350,243.697
3351,236.357
3352,248.272
3353,247.083
3354,232.143
3355,238.815
3356,229.702
3357,239.366
3358,235.204
3359,235.645
3360,234.479
3361,234.834
3362,237.051
3363,244.894
3364,237.665
3365,245.557
3366,240.785
3367,241.775
3368,250.482
3369,242.456
3370,240.331
3371,243.992
3372,236.875
3373,243.842
3374,241.764
3375,238.445
3376,243.538
3377,237.007
3378,244.682
3379,241.878
3380,236.832
3381,239.884
3382,238.702
3383,239.047
3384,242.827
3385,244.823
3386,240.791
3387,243.721
3388,238.389
3389,241.594
3390,241.811
3391,243.709
3392,251.767
3393,251.371
3394,240.113
3395,255.683
3396,247.938
3397,240.936
3398,243.259
3399,246.043
3400,249.836
3401,245.967
3402,240.861
3403,247.883
3404,248.488
3405,248.238
3406,244.198
3407,242.477
3408,249.316
3409,249.066
3410,251.249
3411,242.073
3412,253.149
3413,256.043
3414,252.737
3415,257.385
3416,261.375
3417,249.834
3418,248.962
3419,245.324
3420,250.142
3421,250.574
3422,248.432
3423,253.328
3424,254.436
3425,257.18
3426,252.583
3427,248.234
3428,247.835
3429,252.175
3430,249.653
3431,254.274
3432,253.741
3433,252.511
3434,224.636
3435,217.667
3436,214.764
3437,247.185
3438,235.64
3439,227.956
3440,229.026
3441,220.957
3442,229.376
3443,229.973
3444,214.866
3445,204.849
3446,206.621
3447,204.973
3448,206.652
3449,250.111
3450,252.531
3451,284.175
3452,264.784
3453,238.089
3454,241.113
3455,253.117
3456,298.004
3457,253.796
3458,243.666
3459,269.672
3460,253.606
3461,248.022
3462,224.285
3463,214.377
3464,237.501
3465,216.418
3466,209.814
3467,212.044
3468,251.622
3469,215.371
3470,218
3471,212.729
3472,214.576
3473,214.487
3474,223.859
3475,213.151
3476,211.749
3477,219.499
3478,222.202
3479,213.222
3480,214.605
3481,213.935
3482,214.017
3483,214.849
3484,212.865
3485,214.02
3486,210.872
3487,211.037
3488,212.487
3489,229.884
3490,218.392
3491,217.163
3492,215.343
3493,215.982
3494,213.786
3495,210.694
3496,213.413
3497,209.418
3498,212.569
3499,213.333
3500,213.045
3501,211.195
3502,213.863
3503,214.192
3504,214.23
3505,214.34
3506,214.591
3507,213.759
3508,211.488
3509,215.26
3510,215.228
3511,214.637
3512,214.857
3513,215.134
3514,216.818
3515,214.154
3516,231.797
3517,217.473
3518,216.986
3519,212.579
3520,215.862
3521,216.287
3522,216.909
3523,215.783
3524,216.654
3525,217.168
3526,218.056
3527,218.741
3528,216.644
3529,219.043
3530,219.925
3531,218.981
3532,221.456
3533,219.252
3534,216.918
3535,219.633
3536,220.991
3537,237.712
3538,230.773
3539,221.19
3540,219.198
3541,220.358
3542,220.164
3543,220.597
3544,222.068
3545,218.884
3546,220.932
3547,227.048
3548,217.014
3549,222.016
3550,220.354
3551,223.282
3552,219.363
3553,220.096
3554,219.261
3555,231.394
3556,235.138
3557,220.845
3558,218.673
3559,221.913
3560,220.311
3561,218.027
3562,220.447
3563,223.116
3564,219.973
3565,222.593
3566,222.24
3567,223.82
3568,221.884
3569,224.57
3570,221.073
3571,223.345
3572,223.324
3573,222.456
3574,220.065
3575,222.897
3576,223.831
3577,221.922
3578,224.154
3579,223.142
3580,224.834
3581,223.152
3582,222.142
3583,224.947
3584,223.591
3585,236.626
3586,230.455
3587,232.93
3588,239.776
3589,226.867
3590,227.174
3591,226.694
3592,245.96
3593,244.995
3594,228.425
3595,234.703
3596,228.029
3597,224.044
3598,233.913
3599,227.169
3600,229.489
3601,226.417
3602,227.142
3603,229.315
3604,224.277
3605,235.813
3606,245.817
3607,241.77
3608,233.093
3609,224.664
3610,225.579
3611,229.36
3612,251.22
3613,249.25
3614,226.146
3615,225.243
3616,225.529
3617,228.16
3618,229.43
3619,225.18
3620,245.85
3621,234.579
3622,234.175
3623,229.734
3624,229.741
3625,232.847
3626,228.111
3627,231.115
3628,228.569
3629,245.423
3630,240.615
3631,231.302
3632,232.48
3633,232.883
3634,233.806
3635,231.125
3636,229.364
3637,233.555
3638,233.056
3639,232.471
3640,230.632
3641,234.277
3642,232.923
3643,230.292
3644,234.011
3645,232.668
3646,231.907
3647,231.094
3648,230.21
3649,229.43
3650,233.25
3651,233.68
3652,236.306
3653,234.089
3654,252.219
3655,235.572
3656,256.389
3657,265.434
3658,247.119
3659,249.856
3660,267.958
3661,238.599
3662,237.963
3663,238.943
3664,233.902
3665,235.064
3666,235.749
3667,233.403
3668,233.169
3669,235.968
3670,236.17
3671,235.318
3672,235.121
3673,235.231
3674,234.896
3675,238.237
3676,257.251
3677,250.569
3678,263.381
3679,239.176
3680,238.215
3681,238.156
3682,236.582
3683,235.741
3684,237.419
3685,236.902
3686,238.392
3687,240.187
3688,246.942
3689,237.561
3690,240.036
3691,237.748
3692,245.684
3693,237.821
3694,241.245
3695,238.583
3696,243.183
3697,240.134
3698,236.908
3699,237.861
3700,237.916
3701,238.352
3702,239.415
3703,240.157
3704,239.404
3705,237.632
3706,236.714
3707,243.39
3708,239.511
3709,241.697
3710,242.656
3711,239.176
3712,240.17
3713,238.204
3714,240.331
3715,241.081
3716,241.006
3717,239.74
3718,241.251
3719,270.456
3720,244.487
3721,242.122
3722,241.812
3723,241.346
3724,240.055
3725,241.893
3726,240.539
3727,244.892
3728,238.85
3729,242.871
3730,245.287
3731,243.907
3732,248.349
3733,243.197
3734,241.716
3735,246.893
3736,243.014
3737,242.528
3738,247.874
3739,243.436
3740,243.73
3741,240.461
3742,244.505
3743,242.534
3744,250.791
3745,243.409
3746,247.1
3747,243.825
3748,245.994
3749,247.198
3750,246.41
3751,242.199
3752,247.708
3753,247.861
3754,245.195
3755,242.118
3756,245.864
3757,245.017
3758,258.895
3759,259.681
3760,247.16
3761,247.769
3762,245.222
3763,245.772
3764,250.726
3765,246.387
3766,244.801
3767,246.104
3768,251.233
3769,262.072
3770,259.388
3771,250.886
3772,248.633
3773,247.275
3774,248.562
3775,248.688
3776,251.455
3777,268.622
3778,255.355
3779,251.251
3780,247.822
3781,250.415
3782,251.304
3783,250.05
3784,248.133
3785,255.288
3786,251.593
3787,249.168
3788,254.453
3789,247.933
3790,250.654
3791,247.099
3792,254.284
3793,247.055
3794,251.197
3795,252.409
3796,251.388
3797,248.191
3798,255.294
3799,251.414
3800,251.929
3801,249.051
3802,249.303
3803,252.559
3804,250.972
3805,253.038
3806,251.794
3807,250.188
3808,254.256
3809,249.545
3810,251.376
3811,253.476
3812,256.82
3813,250.764
3814,253.938
3815,256.186
3816,249.507
3817,250.671
3818,252.59
3819,250.323
3820,252.956
3821,253.307
3822,255.473
3823,254.774
3824,251.607
3825,255.291
3826,255.632
3827,253.398
3828,256.714
3829,255.22
3830,259.57
3831,257.317
3832,257.01
3833,257.354
3834,254.37
3835,257.176
3836,253.714
3837,255.414
3838,257.025
3839,263.029
3840,262.053
3841,258.723
3842,255.321
3843,257.52
3844,254.381
3845,261.726
3846,257.848
3847,256.774
3848,269.658
3849,261.118
3850,257.557
3851,259.206
3852,259.325
3853,260.273
3854,257.287
3855,260.549
3856,257.186
3857,258.835
3858,266.283
3859,262.616
3860,260.156
3861,262.092
3862,261.831
3863,261.654
3864,260.237
3865,258.496
3866,260.476
3867,259.719
3868,261.231
3869,262.646
3870,265.937
3871,260.852
3872,262.231
3873,262.899
3874,261.487
3875,263.145
3876,263.378
3877,263.857
3878,262.732
3879,261.132
3880,263.031
3881,263.63
3882,263.471
3883,267.843
3884,269.224
3885,269.782
3886,268.951
3887,268.174
3888,268.206
3889,264.575
3890,270.935
3891,269.494
3892,266.973
3893,268.115
3894,266.721
3895,269.645
3896,268.378
3897,269.803
3898,280.191
3899,274.825
3900,269.438
3901,266.833
3902,265.834
3903,266.567
3904,267.264
3905,268.697
3906,271.36
3907,270.359
3908,268.622
3909,271.158
3910,270.646
3911,272.15
3912,276.275
3913,272.148
3914,268.727
3915,270.143
3916,275.46
3917,278.058
3918,275.981
3919,273.251
3920,272.064
3921,274.622
3922,275.027
3923,273.785
3924,270.407
3925,268.232
3926,269.02
3927,268.035
3928,270.062
3929,267.916
3930,268.562
3931,268.8
3932,268.111
3933,269.069
3934,269.93
3935,271.547
3936,269.727
3937,271.183
3938,269.918
3939,271.255
3940,269.594
3941,274.65
3942,276.247
3943,270.246
3944,271.84
3945,273.435
3946,273.008
3947,271.183
3948,270.769
3949,268.311
3950,273.794
3951,275.531
3952,296.842
3953,271.004
3954,278.052
3955,273.782
3956,274.142
3957,271.841
3958,273.634
3959,276.63
3960,270.228
3961,275.333
3962,284.358
3963,272.418
3964,274.695
3965,275.06
3966,273.728
3967,275.1
3968,271.811
3969,275.653
3970,273.912
3971,278.148
3972,273.606
3973,270.691
3974,272.111
3975,276.304
3976,275.673
3977,274.126
3978,272.41
3979,276.338
3980,277.055
3981,271.941
3982,277.256
3983,274.222
3984,276.585
3985,278.47
3986,277.521
3987,276.996
3988,285.465
3989,285.695
3990,279.487
3991,278.032
3992,279.573
3993,279.984
3994,280.519
3995,278.396
3996,276.08
3997,279.702
3998,280.16
3999,280.357
4000,280.587
4001,282.055
4002,281.408
4003,277.017
4004,284.898
4005,285.541
4006,279.642
4007,288.355
4008,281.987
4009,278.274
4010,277.518
4011,278.182
4012,276.999
4013,280.983
4014,284.437
4015,280.39
4016,279.514
4017,281.087
4018,280.876
4019,281.504
4020,285.009
4021,287.161
4022,284.705
4023,282.11
4024,279.059
4025,282.243
4026,294.031
4027,283.993
4028,284.917
4029,284.594
4030,284.54
4031,284.205
4032,286.522
4033,283.699
4034,280.903
4035,280.92
4036,285.91
4037,284.286
4038,283.759
4039,287.374
4040,282.369
4041,283.297
4042,283.246
4043,287.107
4044,286.234
4045,284.585
4046,288.465
4047,281.17
4048,289.015
4049,282.793
4050,287.347
4051,283.794
4052,282.708
4053,283.175
4054,286.908
4055,282.71
4056,288.213
4057,282.08
4058,283.259
4059,298.44
4060,294.48
4061,286.043
4062,287.319
4063,289.021
4064,288.863
4065,287.606
4066,289.016
4067,291.087
4068,286.605
4069,287.47
4070,288.548
4071,288.564
4072,285.913
4073,292.036
4074,293.065
4075,290.087
4076,294.413
4077,296.765
4078,298.163
4079,286.809
4080,289.775
4081,290.119
4082,286.263
4083,288.133
4084,292.849
4085,290.037
4086,291.933
4087,295.758
4088,291.184
4089,291.669
4090,290.07
4091,290.711
4092,287.443
4093,290.426
4094,293.05
4095,293.334
4096,293.702
4097,290.003
4098,292.686
4099,291.198
4100,293.908
4101,294.627
4102,297.165
4103,310.371
4104,290.033
4105,293.509
4106,295.88
4107,286.362
4108,290.165
4109,289.435
4110,287.16
4111,309.136
4112,291.188
4113,291.931
4114,291.829
4115,291.03
4116,291.428
4117,290.41
4118,291.368
4119,308.313
4120,290.317
4121,303.705
4122,300.245
4123,303.54
4124,305.593
4125,298.238
4126,300.471
4127,311.7
4128,294.434
4129,294.52
4130,297.968
4131,301.332
4132,299.062
4133,295.501
4134,296.67
4135,311.417
4136,295.915
4137,293.752
4138,290.479
4139,294.207
4140,296.383
4141,296.836
4142,298.701
4143,312.426
4144,301.343
4145,298.985
4146,294.302
4147,295.143
4148,290.098
4149,294.042
4150,305.48
4151,313.97
4152,296.701
4153,297.127
4154,295.781
4155,300.704
4156,294.913
4157,296.698
4158,298.249
4159,312.582
4160,298.021
4161,316.089
4162,305.889
4163,298.295
4164,300.853
4165,297.723
4166,299.327
4167,316.424
4168,301.723
4169,296.689
4170,302.005
4171,303.608
4172,299.861
4173,303.316
4174,316.356
4175,299.156
4176,301.367
4177,301.973
4178,300.627
4179,304.345
4180,305.029
4181,300.887
4182,319.936
4183,300.392
4184,302.337
4185,301.724
4186,324.898
4187,302.999
4188,302.178
4189,302.33
4190,317.689
4191,311.665
4192,309.846
4193,304.899
4194,303.862
4195,301.236
4196,303.429
4197,301.666
4198,325.587
4199,302.552
4200,303.819
4201,310.567
4202,303.299
4203,328.816
4204,320.145
4205,323.052
4206,322.027
4207,307.197
4208,306.82
4209,304.67
4210,303.445
4211,309.487
4212,308.201
4213,322.919
4214,304.712
4215,308.59
4216,306.224
4217,303.374
4218,304.944
4219,304.895
4220,305.574
4221,321.52
4222,309.576
4223,304.341
4224,306.581
4225,306.078
4226,329.854
4227,310.754
4228,311.047
4229,324.801
4230,310.455
4231,306.159
4232,307.477
4233,307.794
4234,309.325
4235,312.156
4236,313.238
4237,326.124
4238,308.084
4239,307.079
4240,308.892
4241,308.003
4242,308.656
4243,308.165
4244,328.271
4245,311.228
4246,309.678
4247,310.499
4248,308.917
4249,306.985
4250,312.475
4251,314.029
4252,328.878
4253,313.006
4254,312.368
4255,310.65
4256,312.769
4257,312.606
4258,322.756
4259,332.343
4260,329.052
4261,320.701
4262,312.379
4263,314.245
4264,315.512
4265,313.419
4266,310.477
4267,313.062
4268,331.52
4269,316.013
4270,318.261
4271,313.205
4272,317.199
4273,312.095
4274,312.832
4275,332.398
4276,323.986
4277,315.159
4278,315.795
4279,321.159
4280,317.658
4281,316.237
4282,315.241
4283,330.238
4284,317.027
4285,325.485
4286,317.818
4287,317.86
4288,315.41
4289,318.727
4290,340.69
4291,317.245
4292,317.342
4293,319.164
4294,318.639
4295,317.585
4296,314.881
4297,316.58
4298,335.863
4299,316.878
4300,316.047
4301,320.071
4302,317.872
4303,318.126
4304,322.136
4305,328.491
4306,334.169
4307,314.747
4308,322.401
4309,330.774
4310,322.082
4311,322.545
4312,317.655
4313,334.637
4314,319.05
4315,319.065
4316,317.503
4317,317.134
4318,319.303
4319,323.812
4320,323.436
4321,343.549
4322,324.083
4323,324.711
4324,330.891
4325,338.158
4326,339.029
4327,343.958
4328,344.304
4329,342.695
4330,344.612
4331,347.221
4332,341.3
4333,342.977
4334,344.202
4335,341.168
4336,341.288
4337,342.645
4338,342.703
4339,349.741
4340,342.416
4341,343.398
4342,342.958
4343,344.715
4344,345.721
4345,346.866
4346,347.661
4347,345.715
4348,352.627
4349,349.526
4350,364.186
4351,354.046
4352,348.78
4353,347.718
4354,345.633
4355,346.886
4356,345.569
4357,342.496
4358,339.106
4359,356.419
4360,344.94
4361,346.064
4362,347.165
4363,350.285
4364,346.498
4365,350.066
4366,349.337
4367,351.189
4368,348.107
4369,348.058
4370,346.512
4371,349.784
4372,351.588
4373,348.752
4374,353.112
4375,353.009
4376,350.947
4377,358.779
4378,348.055
4379,352.735
4380,351.057
4381,349.802
4382,348.857
4383,354.118
4384,390.622
4385,356.051
4386,350.641
4387,353.021
4388,349.625
4389,352.029
4390,349.055
4391,355.277
4392,350.084
4393,352.53
4394,356.102
4395,351.048
4396,355.871
4397,356.917
4398,355.738
4399,353.911
4400,352.251
4401,353.405
4402,357.752
4403,354.752
4404,359.651
4405,354.585
4406,356.354
4407,362.437
4408,354.336
4409,353.416
4410,360.771
4411,356.851
4412,355.503
4413,349.52
4414,352.974
4415,360.422
4416,356.356
4417,354.105
4418,356.691
4419,356.938
4420,359.759
4421,352.866
4422,354.84
4423,364.242
4424,357.115
4425,356.622
4426,359.907
4427,359.376
4428,364.979
4429,364.964
4430,362.182
4431,361.286
4432,365.501
4433,357.167
4434,359.227
4435,389.667
4436,361.623
4437,361.607
4438,361.221
4439,366.119
4440,363.34
4441,362.562
4442,365.704
4443,360.923
4444,361.213
4445,359.769
4446,361.147
4447,356.383
4448,363.164
4449,358.926
4450,360.403
4451,361.873
4452,361.669
4453,359.714
4454,359.252
4455,360.867
4456,361.066
4457,366.227
4458,361.098
4459,363.058
4460,359.815
4461,364.027
4462,368.21
4463,363.877
4464,366.243
4465,361.926
4466,364.433
4467,372.958
4468,367.464
4469,366.292
4470,366.909
4471,367.016
4472,369.359
4473,368.11
4474,361.506
4475,367.185
4476,369.204
4477,368.011
4478,365.531
4479,368.846
4480,362.372
4481,398.48
4482,369.358
4483,377.056
4484,364.023
4485,379.022
4486,366.696
4487,367.561
4488,370.368
4489,369.372
4490,365.2
4491,368.621
4492,373.388
4493,368.571
4494,361.466
4495,368.477
4496,367.078
4497,369.998
4498,368.72
4499,368.881
4500,368.512
4501,365.843
4502,365.983
4503,393.076
4504,380.155
4505,372.397
4506,371.868
4507,375.655
4508,374.182
4509,365.076
4510,370.482
4511,370.294
4512,366.18
4513,371.319
4514,371.887
4515,384.902
4516,408.264
4517,381.904
4518,377.039
4519,379.891
4520,377.074
4521,371.233
4522,380.394
4523,377.895
4524,372.224
4525,374.466
4526,373.72
4527,372.11
4528,376.72
4529,376.356
4530,371.75
4531,370.721
4532,377.215
4533,379.413
4534,371.459
4535,382.802
4536,377.255
4537,375.99
4538,378.582
4539,377.722
4540,378.005
4541,380.748
4542,375.135
4543,378.118
4544,373.755
4545,380.417
4546,376.097
4547,373.107
4548,378.724
4549,376.117
4550,378.92
4551,379.986
4552,378.525
4553,379.641
4554,382.031
4555,379.784
4556,378.298
4557,377.655
4558,377.924
4559,374.89
4560,374.205
4561,376.872
4562,382.606
4563,383.063
4564,385.31
4565,374.084
4566,381.576
4567,382.95
4568,383.133
4569,388.428
4570,376.522
4571,380.412
4572,382.909
4573,379.699
4574,378.6
4575,376.991
4576,377.994
4577,385.731
4578,380.064
4579,386.34
4580,381.114
4581,383.555
4582,386.651
4583,380.661
4584,379.47
4585,379.909
4586,386.094
4587,383.013
4588,386.71
4589,386.042
4590,384.445
4591,385.303
4592,382.212
4593,387.829
4594,399.015
4595,411.031
4596,391.895
4597,388.72
4598,387.824
4599,387.01
4600,384.523
4601,384.708
4602,387.328
4603,388.362
4604,393.881
4605,416.51
4606,389.117
4607,397.678
4608,386.952
4609,390.167
4610,398.858
4611,389.608
4612,386.238
4613,386.817
4614,389.083
4615,396.454
4616,387.678
4617,392.558
4618,389.13
4619,393.611
4620,393.449
4621,394.359
4622,405.318
4623,434.383
4624,395.141
4625,407.478
4626,400.65
4627,398.682
4628,422.022
4629,404.659
4630,412.605
4631,396.661
4632,400.96
4633,397.758
4634,393.305
4635,427.185
4636,400.7
4637,400.746
4638,410.07
4639,403.73
4640,438.412
4641,409.816
4642,418.133
4643,512.5
4644,460.572
4645,441.662
4646,408.773
4647,400.633
4648,401.073
4649,406.139
4650,414.74
4651,400.99
4652,398.516
4653,399.639
4654,396.559
4655,401.081
4656,401.521
4657,405.583
4658,396.497
4659,403.767
4660,398.6
4661,401.258
4662,393.662
4663,404.133
4664,401.315
4665,398.428
4666,409.11
4667,402.034
4668,412.428
4669,426.958
4670,436.373
4671,415.684
4672,412.595
4673,409.483
4674,419.13
4675,420.616
4676,410.555
4677,412.953
4678,440.078
4679,413.308
4680,410.676
4681,405.958
4682,421.666
4683,411.446
4684,413.309
4685,417.983
4686,420.291
4687,417.775
4688,414.883
4689,414.255
4690,412.144
4691,420.59
4692,424.413
4693,418.009
4694,420.592
4695,416.802
4696,402.602
4697,410.918
4698,405.754
4699,421.113
4700,411.689
4701,412.8
4702,415.633
4703,406.923
4704,411.522
4705,404.835
4706,412.261
4707,412.387
4708,412.239
4709,413.383
4710,431.833
4711,416.779
4712,407.753
4713,412.78
4714,410.494
4715,426.09
4716,411.24
4717,409.563
4718,412.386
4719,408.051
4720,413.735
4721,410.807
4722,412.02
4723,414.121
4724,415.135
4725,415.649
4726,412.828
4727,407.717
4728,408.819
4729,411.322
4730,415.133
4731,411.447
4732,413.01
4733,413.042
4734,410.101
4735,410.226
4736,409.667
4737,410.246
4738,410.311
4739,416.137
4740,413.578
4741,444.894
4742,419.509
4743,423.979
4744,422.105
4745,412.931
4746,419.775
4747,419.153
4748,421.316
4749,420.235
4750,413.559
4751,437.891
4752,417.183
4753,418.112
4754,414.803
4755,414.469
4756,424.413
4757,411.609
4758,413.712
4759,415.981
4760,412.853
4761,416.784
4762,420.979
4763,421.219
4764,417.851
4765,410.524
4766,439.953
4767,419.391
4768,422.547
4769,418.233
4770,422.615
4771,416.209
4772,418.825
4773,407.54
4774,415.316
4775,420.543
4776,418.942
4777,419.681
4778,418.157
4779,415.868
4780,417.939
4781,418.415
4782,417.495
4783,419.031
4784,412.283
4785,418.031
4786,417.68
4787,419.847
4788,423.55
4789,417.462
4790,419.419
4791,416.476
4792,420.525
4793,418.465
4794,417.979
4795,415.334
4796,420.822
4797,418.789
4798,411.511
4799,422.856
4800,426.572
4801,420.941
4802,420.977
4803,427.823
4804,435.133
4805,420.339
4806,425.039
4807,424.208
4808,415.12
4809,423.425
4810,422.979
4811,420.542
4812,433.129
4813,423.629
4814,420.147
4815,420.632
4816,418.555
4817,415.119
4818,424.671
4819,421.819
4820,416.307
4821,420.387
4822,415.826
4823,421.795
4824,430.815
4825,420.173
4826,422.462
4827,424.06
4828,419.838
4829,419.817
4830,424.178
4831,418.503
4832,422.05
4833,425.061
4834,424.502
4835,423.908
4836,435.983
4837,421.935
4838,444.312
4839,424.419
4840,430.479
4841,431.632
4842,424.697
4843,427.751
4844,429.25
4845,427.009
4846,428.226
4847,428.832
4848,425.404
4849,426.605
4850,429.9
4851,431.022
4852,444.147
4853,427.55
4854,429.224
4855,434.606
4856,434.022
4857,423.395
4858,430.118
4859,430.86
4860,428.74
4861,425.216
4862,426.197
4863,431.947
4864,430.471
4865,426.093
4866,430.111
4867,427.332
4868,429.446
4869,435.35
4870,471.455
4871,436.384
4872,431.902
4873,427.381
4874,433.062
4875,431.504
4876,434.189
4877,432.176
4878,435.445
4879,431.838
4880,432.27
4881,434.244
4882,449.687
4883,463.434
4884,464.808
4885,436.871
4886,440.314
4887,440.783
4888,437.471
4889,434.717
4890,449.136
4891,443.561
4892,439.144
4893,438.908
4894,444.476
4895,437.169
4896,438.396
4897,437.308
4898,438.255
4899,436.211
4900,434.978
4901,438.544
4902,434.75
4903,438.938
4904,437.99
4905,437.266
4906,435.138
4907,438.242
4908,436.501
4909,440.089
4910,455.737
4911,460.07
4912,439.553
4913,438.785
4914,445.57
4915,438.209
4916,440.474
4917,445.267
4918,443.678
4919,454.25
4920,437.676
4921,433.45
4922,440.258
4923,442.435
4924,449.951
4925,441.852
4926,440.344
4927,450.136
4928,445.453
4929,439.45
4930,444.721
4931,440.218
4932,446.569
4933,450.881
4934,450.395
4935,451.018
4936,443.939
4937,447.653
4938,446.05
4939,440.31
4940,440.958
4941,441.773
4942,442.978
4943,442.129
4944,445.837
4945,449.097
4946,441.099
4947,447.106
4948,463.44
4949,482.95
4950,441.498
4951,440.543
4952,442.041
4953,448.249
4954,447.32
4955,445.566
4956,450.212
4957,449.848
4958,451.094
4959,442.756
4960,443.48
4961,448.542
4962,445.358
4963,448.417
4964,439.63
4965,445.334
4966,443.29
4967,448.219
4968,447.085
4969,447.777
4970,451.416
4971,448.983
4972,449.822
4973,453.327
4974,450.38
4975,455.168
4976,453.039
4977,450.713
4978,462.693
4979,448.831
4980,450.761
4981,448.123
4982,447.932
4983,449.421
4984,457.21
4985,453.516
4986,449.86
4987,454.213
4988,455.908
4989,451.466
4990,446.583
4991,455.214
4992,466.01
4993,456.95
4994,450.533
4995,452.982
4996,451.006
4997,456.511
4998,452.175
4999,453.34
5000,455.707
